"id","method","quantity","js","r","abs_diff","rel_diff","tol","kind","pass"
"desc_math_student","descriptive","mean",507.844853940978,507.844853940978,0,0,1e-04,"rel",TRUE
"desc_math_student","descriptive","sd",83.1130781485246,83.1130781485246,0,0,1e-04,"rel",TRUE
"desc_math_student","descriptive","p10",399.469,399.469,0,0,1e-04,"rel",TRUE
"desc_math_student","descriptive","p50",510.838,510.838,0,0,1e-04,"rel",TRUE
"desc_math_student","descriptive","p90",613.32,613.32,0,0,1e-04,"rel",TRUE
"ineq_math_student","inequality","gini",0.0925606843470834,0.0925606843470844,9.71445146547012e-16,1.04952243320099e-14,5e-04,"rel",TRUE
"ineq_math_student","inequality","cv",0.163658403749788,0.163658403749788,0,0,1e-04,"rel",TRUE
"desc_math_none","descriptive","mean",508.175523101432,508.175523101432,0,0,1e-04,"rel",TRUE
"desc_math_none","descriptive","sd",82.7557426911329,82.7557426911329,0,0,1e-04,"rel",TRUE
"desc_math_none","descriptive","p10",400.279,400.279,0,0,1e-04,"rel",TRUE
"desc_math_none","descriptive","p50",511.081,511.081,0,0,1e-04,"rel",TRUE
"desc_math_none","descriptive","p90",613.182,613.182,0,0,1e-04,"rel",TRUE
"ineq_math_none","inequality","gini",0.0920901436485422,0.0920901436485387,3.51108031537706e-15,3.81265592198126e-14,5e-04,"rel",TRUE
"ineq_math_none","inequality","cv",0.162848738140847,0.162848738140847,0,0,1e-04,"rel",TRUE
"desc_reading_student","descriptive","mean",519.658608638213,519.658608638213,0,0,1e-04,"rel",TRUE
"desc_reading_student","descriptive","sd",99.8328203751269,99.8328203751269,0,0,1e-04,"rel",TRUE
"desc_reading_student","descriptive","p10",383.399,383.399,0,0,1e-04,"rel",TRUE
"desc_reading_student","descriptive","p50",526.667,526.667,0,0,1e-04,"rel",TRUE
"desc_reading_student","descriptive","p90",642.973,642.973,0,0,1e-04,"rel",TRUE
"ineq_reading_student","inequality","gini",0.108418245711038,0.108418245711039,8.74300631892311e-16,8.06414664024851e-15,5e-04,"rel",TRUE
"ineq_reading_student","inequality","cv",0.192112318964066,0.192112318964066,0,0,1e-04,"rel",TRUE
"desc_reading_none","descriptive","mean",519.943965303593,519.943965303593,0,0,1e-04,"rel",TRUE
"desc_reading_none","descriptive","sd",99.5715068327912,99.5715068327912,0,0,1e-04,"rel",TRUE
"desc_reading_none","descriptive","p10",384.708,384.708,0,0,1e-04,"rel",TRUE
"desc_reading_none","descriptive","p50",526.771,526.771,0,0,1e-04,"rel",TRUE
"desc_reading_none","descriptive","p90",642.826,642.826,0,0,1e-04,"rel",TRUE
"ineq_reading_none","inequality","gini",0.108024931405772,0.108024931405771,9.57567358739198e-16,8.8643181372855e-15,5e-04,"rel",TRUE
"ineq_reading_none","inequality","cv",0.191504303304399,0.191504303304399,0,0,1e-04,"rel",TRUE
"desc_science_student","descriptive","mean",519.151094890029,519.151094890029,0,0,1e-04,"rel",TRUE
"desc_science_student","descriptive","sd",95.9675305236718,95.9675305236718,0,0,1e-04,"rel",TRUE
"desc_science_student","descriptive","p10",388.568,388.568,0,0,1e-04,"rel",TRUE
"desc_science_student","descriptive","p50",524.41,524.41,0,0,1e-04,"rel",TRUE
"desc_science_student","descriptive","p90",639.833,639.833,0,0,1e-04,"rel",TRUE
"ineq_science_student","inequality","gini",0.104582386767819,0.10458238676782,1.01307850997046e-15,9.6868941442268e-15,5e-04,"rel",TRUE
"ineq_science_student","inequality","cv",0.184854720462451,0.184854720462451,0,0,1e-04,"rel",TRUE
"desc_science_none","descriptive","mean",519.427018941406,519.427018941406,0,0,1e-04,"rel",TRUE
"desc_science_none","descriptive","sd",95.945154188777,95.945154188777,0,0,1e-04,"rel",TRUE
"desc_science_none","descriptive","p10",388.763,388.763,0,0,1e-04,"rel",TRUE
"desc_science_none","descriptive","p50",524.412,524.412,0,0,1e-04,"rel",TRUE
"desc_science_none","descriptive","p90",640.286,640.286,0,0,1e-04,"rel",TRUE
"ineq_science_none","inequality","gini",0.104469056975336,0.104469056975337,1.13797860024079e-15,1.08929728398854e-14,5e-04,"rel",TRUE
"ineq_science_none","inequality","cv",0.184713445181026,0.184713445181026,0,0,1e-04,"rel",TRUE
"grad_student","gradient","beta",35.852511047313,35.852511047313,0,0,1e-04,"rel",TRUE
"gap_student","achievement_gap","gap",75.9961817437762,75.9961817437762,0,0,0.001,"rel",TRUE
"grad_none","gradient","beta",35.8151428242395,35.8151428242395,0,0,1e-04,"rel",TRUE
"gap_none","achievement_gap","gap",75.6182266187051,75.6182266187051,0,0,0.001,"rel",TRUE
"vardecomp_student","variance_decomposition","icc",0.13521766458101,0.13521766458101,0,0,1e-04,"rel",TRUE
"vardecomp_student","variance_decomposition","betweenVariance",1255.99790222712,1255.99790222712,0,0,0.001,"rel",TRUE
"vardecomp_student","variance_decomposition","totalVariance",9288.71169398614,9288.71169398614,0,0,0.001,"rel",TRUE
"vardecomp_none","variance_decomposition","icc",0.181363395281029,0.181363395281029,0,0,1e-04,"rel",TRUE
"vardecomp_none","variance_decomposition","betweenVariance",1744.2481212107,1744.2481212107,0,0,0.001,"rel",TRUE
"vardecomp_none","variance_decomposition","totalVariance",9617.42097134832,9617.42097134832,0,0,0.001,"rel",TRUE
"ols_SINGLE_none","pooled_ols","b_escs",35.8525110778115,35.852511047313,3.04984624222016e-08,8.50664612639099e-10,1e-04,"rel",TRUE
"ols_SINGLE_none","pooled_ols","se_escs",1.31244948396195,1.31244948415665,1.94697813427069e-10,1.48346900796854e-10,1e-04,"rel",TRUE
"ols_SINGLE_none","pooled_ols","r2",0.118426387711844,0.118426387711845,1.11022302462516e-15,9.37479430113625e-15,1e-04,"rel",TRUE
"ols_SINGLE_none","pooled_ols","nobs",5557,5557,0,0,0,"abs",TRUE
"ols_SINGLE_gender","pooled_ols","b_escs",35.8406809597656,35.8406809213574,3.84082454729651e-08,1.07163827487657e-09,1e-04,"rel",TRUE
"ols_SINGLE_gender","pooled_ols","se_escs",1.31221530532918,1.31221530557937,2.5018742633165e-10,1.90660347633414e-10,1e-04,"rel",TRUE
"ols_SINGLE_gender","pooled_ols","r2",0.118922497513945,0.118922497513951,6.31439345255558e-15,5.30967107532772e-14,1e-04,"rel",TRUE
"ols_SINGLE_gender","pooled_ols","nobs",5557,5557,0,0,0,"abs",TRUE
"ols_MULTI_none","pooled_ols","b_escs",37.127426447304,37.1274264705613,2.32573214020704e-08,6.26418893335129e-10,1e-04,"rel",TRUE
"ols_MULTI_none","pooled_ols","se_escs",0.433347574222709,0.433347574261921,3.92121335401896e-11,9.04865652172528e-11,1e-04,"rel",TRUE
"ols_MULTI_none","pooled_ols","r2",0.207241309700217,0.207241309700216,1.0547118733939e-15,5.08929361100635e-15,1e-04,"rel",TRUE
"ols_MULTI_none","pooled_ols","nobs",28081,28081,0,0,0,"abs",TRUE
"ols_MULTI_gender","pooled_ols","b_escs",37.0211466069613,37.021146631703,2.47417091259194e-08,6.68312879988755e-10,1e-04,"rel",TRUE
"ols_MULTI_gender","pooled_ols","se_escs",0.432914703886473,0.432914703933235,4.6761983174548e-11,1.08016620248038e-10,1e-04,"rel",TRUE
"ols_MULTI_gender","pooled_ols","r2",0.209458076962791,0.209458076962791,4.9960036108132e-16,2.38520456372791e-15,1e-04,"rel",TRUE
"ols_MULTI_gender","pooled_ols","nobs",28081,28081,0,0,0,"abs",TRUE
"fe_student","fixed_effects","b_escs",31.6573926279997,31.657392634179,6.179320166666e-09,1.95193591527638e-10,1e-04,"rel",TRUE
"fe_student","fixed_effects","se_escs",0.469470066564406,0.469470066732954,1.68548286438863e-10,3.59018174708756e-10,1e-04,"rel",TRUE
"fe_student","fixed_effects","r2",0.254740854046566,0.254740854046565,1.11022302462516e-15,4.35824488686928e-15,0.001,"rel",TRUE
"fe_none","fixed_effects","b_escs",31.4048674885865,31.404867495773,7.18645765118708e-09,2.2883260539642e-10,1e-04,"rel",TRUE
"fe_none","fixed_effects","se_escs",0.508335157062249,0.508335157238954,1.76705539089994e-10,3.47616206696736e-10,1e-04,"rel",TRUE
"fe_none","fixed_effects","r2",0.278518192002214,0.278518192002218,4.2188474935756e-15,1.51474755140662e-14,0.001,"rel",TRUE
"re_none","random_effects","b_escs",31.4256366295706,31.425666228228,2.95986574023743e-05,9.41862526872617e-07,0.005,"rel",TRUE
"re_none","random_effects","se_escs",0.50822735681526,0.508227254824803,1.01990456302659e-07,2.00678840684797e-07,0.05,"rel",TRUE
"hausman_none","hausman","chi2",3.93625497015073,3.94374229365945,0.00748732350872316,0.00189853265025986,0.01,"rel",TRUE
"bp_single","breusch_pagan","statistic",24.707900331675,24.7079003245995,7.07542113786985e-09,2.8636270362583e-10,0.01,"rel",TRUE
"bp_single","breusch_pagan","df",2,2,0,0,0,"abs",TRUE
"vif_single","vif","escs",1.00004019176351,1.00004019176351,2.22044604925031e-15,2.22035680919453e-15,0.001,"rel",TRUE
"vif_single","vif","Female",1.00004019176355,1.00004019176351,3.41948691584548e-14,3.41934948615957e-14,0.001,"rel",TRUE
"cooks_single","cooks_distance","sum",1.02668221756217,1.02668221753679,2.53845833242394e-11,2.47248689912464e-11,0.01,"rel",TRUE
"cooks_single","cooks_distance","max",0.00873516472583758,0.00873516473349156,7.65397814572744e-12,8.76225964735532e-10,0.01,"rel",TRUE
